{
	"ambient": {
		"x": 0.10000000149011612,
		"y": 0.10000000149011612,
		"z": 0.10000000149011612
	},
	"default_material": "null",
	"main_camera": "1df2e03a-f0a2-2046-b953-1c1fca09e53c",
	"objects": [
		{
			"children": [],
			"components": {
				"Gameplay::Camera": {
					"clear_color": {
						"w": -431602080.0,
						"x": -431602080.0,
						"y": -431602080.0,
						"z": -431602080.0
					},
					"enabled": true,
					"far_plane": 1000.0,
					"fov_radians": 1.5707963705062866,
					"guid": "1df2e03a-f0a2-2046-b953-1c1fca09e53c",
					"near_plane": 0.10000000149011612,
					"ortho_enabled": false,
					"ortho_size": 10.0
				},
				"SimpleCameraControl": {
					"enabled": true,
					"guid": "24a6b238-32f6-c242-a807-952fde70a89c",
					"mouse_sensitivity": {
						"x": 0.5,
						"y": 0.30000001192092896
					},
					"move_speed": {
						"x": 1.0,
						"y": 1.0,
						"z": 1.0
					},
					"shift_mult": 2.0
				}
			},
			"guid": "d1798090-fea2-1442-a1aa-d741022f3edf",
			"hide_in_inspector": false,
			"name": "Main Camera",
			"parent": "null",
			"position": {
				"x": 0.6340000033378601,
				"y": -7.196000099182129,
				"z": 10.88700008392334
			},
			"rotation": {
				"w": 0.9564822912216187,
				"x": 0.28846532106399536,
				"y": 0.012682982720434666,
				"z": 0.04205374792218208
			},
			"scale": {
				"x": 1.0,
				"y": 1.0,
				"z": 1.0
			}
		},
		{
			"children": [
				{
					"children": [],
					"components": {
						"Light": {
							"color": {
								"x": 0.3193204700946808,
								"y": 0.9293869137763977,
								"z": 0.8283748626708984
							},
							"direction": {
								"x": 0.0,
								"y": 0.0,
								"z": -1.0
							},
							"enabled": true,
							"guid": "cbcd18e9-2389-2f44-bad3-83be46e23de3",
							"intensity": 139.57757568359375,
							"params": {
								"x": 0.0,
								"y": 0.0,
								"z": 0.0
							},
							"range": 6.028469085693359,
							"type": "Point"
						}
					},
					"guid": "50e0f2cc-cf17-d34b-9ccf-76e0c08c1c2f",
					"hide_in_inspector": false,
					"name": "Light",
					"parent": "4f9a1eef-6432-3746-bd9e-aa0667cda874",
					"position": {
						"x": 0.0,
						"y": 0.0,
						"z": 1.0
					},
					"rotation": {
						"w": 1.0,
						"x": 0.0,
						"y": 0.0,
						"z": 0.0
					},
					"scale": {
						"x": 1.0,
						"y": 1.0,
						"z": 1.0
					}
				}
			],
			"components": null,
			"guid": "4f9a1eef-6432-3746-bd9e-aa0667cda874",
			"hide_in_inspector": false,
			"name": "Lights",
			"parent": "null",
			"position": {
				"x": 0.0,
				"y": 0.0,
				"z": 0.0
			},
			"rotation": {
				"w": 1.0,
				"x": 0.0,
				"y": 0.0,
				"z": 0.0
			},
			"scale": {
				"x": 1.0,
				"y": 1.0,
				"z": 1.0
			}
		},
		{
			"children": [],
			"components": {
				"Light": {
					"color": {
						"x": 0.3193204700946808,
						"y": 0.9293869137763977,
						"z": 0.8283748626708984
					},
					"direction": {
						"x": 0.0,
						"y": 0.0,
						"z": -1.0
					},
					"enabled": true,
					"guid": "cbcd18e9-2389-2f44-bad3-83be46e23de3",
					"intensity": 139.57757568359375,
					"params": {
						"x": 0.0,
						"y": 0.0,
						"z": 0.0
					},
					"range": 6.028469085693359,
					"type": "Point"
				}
			},
			"guid": "50e0f2cc-cf17-d34b-9ccf-76e0c08c1c2f",
			"hide_in_inspector": false,
			"name": "Light",
			"parent": "4f9a1eef-6432-3746-bd9e-aa0667cda874",
			"position": {
				"x": 0.0,
				"y": 0.0,
				"z": 1.0
			},
			"rotation": {
				"w": 1.0,
				"x": 0.0,
				"y": 0.0,
				"z": 0.0
			},
			"scale": {
				"x": 1.0,
				"y": 1.0,
				"z": 1.0
			}
		},
		{
			"children": [],
			"components": {
				"Gameplay::Physics::RigidBody": {
					"angular_damping": 0.004999999888241291,
					"colliders": [
						{
							"extents": {
								"x": 50.0,
								"y": 50.0,
								"z": 1.0
							},
							"guid": "4fcfe0f0-5927-104b-ab2c-eb02e0c3abe6",
							"position": {
								"x": 0.0,
								"y": 0.0,
								"z": -1.0
							},
							"rotation": {
								"x": 0.0,
								"y": 0.0,
								"z": 0.0
							},
							"scale": {
								"x": 1.0,
								"y": 1.0,
								"z": 1.0
							},
							"type": "Box"
						}
					],
					"enabled": true,
					"group": 1,
					"guid": "80914c61-fd1d-db4d-b704-670984debc96",
					"linear_damping": 0.0,
					"mask": -1,
					"mass": 1.0,
					"type": "Static"
				},
				"RenderComponent": {
					"enabled": true,
					"guid": "41d1d303-aa04-a842-9322-75581b10be0f",
					"material": "9379fc6b-f402-ec45-9628-cbd1ce7f822c",
					"mesh": "ca7aa831-5a9a-524e-b62f-93d52ee2d2e4"
				}
			},
			"guid": "ae2537f6-87ce-6946-bc28-40720381d409",
			"hide_in_inspector": false,
			"name": "Plane",
			"parent": "null",
			"position": {
				"x": 0.0,
				"y": 0.0,
				"z": 0.0
			},
			"rotation": {
				"w": 1.0,
				"x": 0.0,
				"y": 0.0,
				"z": 0.0
			},
			"scale": {
				"x": 1.0,
				"y": 1.0,
				"z": 1.0
			}
		},
		{
			"children": [],
			"components": {
				"EnemyTrigger": {
					"enabled": true,
					"guid": "a84c69d6-57c0-bc43-8fc6-d5da9f9c27f6"
				},
				"Gameplay::Physics::TriggerVolume": {
					"colliders": [
						{
							"guid": "7359aacd-aeb1-e04b-92a0-969e1257e7df",
							"position": {
								"x": 0.0,
								"y": 0.0,
								"z": 0.0
							},
							"rotation": {
								"x": 0.0,
								"y": 0.0,
								"z": 0.0
							},
							"scale": {
								"x": 1.0,
								"y": 1.0,
								"z": 1.0
							},
							"type": "ConvexMesh"
						}
					],
					"enabled": true,
					"group": 1,
					"guid": "2d5f283f-c934-8242-87a6-03a7382234fc",
					"mask": -1
				},
				"JumpBehaviour": {
					"enabled": true,
					"guid": "954b082c-ccab-7040-885d-1f29dfcbbc3e",
					"impulse": 10.0
				},
				"RenderComponent": {
					"enabled": true,
					"guid": "2b627867-a0e6-e345-bda1-9a7319ec424e",
					"material": "9379fc6b-f402-ec45-9628-cbd1ce7f822c",
					"mesh": "1a5d7c67-5363-3a49-bda9-6c5071d51c3e"
				},
				"SimpleAutoMovement": {
					"enabled": true,
					"guid": "66ecbf83-0e64-b446-9388-b2871ef11fe1"
				}
			},
			"guid": "95217319-b59d-4047-9164-9b1ec606e205",
			"hide_in_inspector": false,
			"name": "Wall 1",
			"parent": "null",
			"position": {
				"x": 3.200000047683716,
				"y": 15.0,
				"z": 2.0
			},
			"rotation": {
				"w": 0.7071067690849304,
				"x": 0.0,
				"y": 0.0,
				"z": 0.7071067690849304
			},
			"scale": {
				"x": 1.0,
				"y": 1.0,
				"z": 1.0
			}
		},
		{
			"children": [],
			"components": {
				"EnemyTriggers": {
					"enabled": true,
					"guid": "baae481e-820f-8943-b94d-9ab2ded841f6"
				},
				"Gameplay::Physics::TriggerVolume": {
					"colliders": [
						{
							"guid": "7dfae098-0415-994f-afc5-641dafaa72fc",
							"position": {
								"x": 0.0,
								"y": 0.0,
								"z": 0.0
							},
							"rotation": {
								"x": 0.0,
								"y": 0.0,
								"z": 0.0
							},
							"scale": {
								"x": 1.0,
								"y": 1.0,
								"z": 1.0
							},
							"type": "ConvexMesh"
						}
					],
					"enabled": true,
					"group": 1,
					"guid": "17e1b383-baaf-484b-a288-a55d6ea046ba",
					"mask": -1
				},
				"JumpBehaviour": {
					"enabled": true,
					"guid": "287df986-19c4-8a4f-acfc-a319254e18a2",
					"impulse": 10.0
				},
				"RenderComponent": {
					"enabled": true,
					"guid": "594cc966-8854-6049-bd91-c64614eec5c0",
					"material": "9379fc6b-f402-ec45-9628-cbd1ce7f822c",
					"mesh": "29b1283a-6c28-e945-888b-6f0f00ebeed7"
				}
			},
			"guid": "221cbd26-071f-df41-99ef-373f9f772691",
			"hide_in_inspector": false,
			"name": "winng",
			"parent": "null",
			"position": {
				"x": 3.200000047683716,
				"y": 25.0,
				"z": 2.0
			},
			"rotation": {
				"w": 0.7071067690849304,
				"x": 0.0,
				"y": 0.0,
				"z": 0.7071067690849304
			},
			"scale": {
				"x": 1.0,
				"y": 1.0,
				"z": 1.0
			}
		},
		{
			"children": [],
			"components": {
				"EnemyTrigger": {
					"enabled": true,
					"guid": "4bcb1418-6484-3d47-bf00-dfb7b130fa2c"
				},