{
	"ambient": {
		"x": 0.10000000149011612,
		"y": 0.10000000149011612,
		"z": 0.10000000149011612
	},
	"default_material": "null",
	"main_camera": "729ea26b-d252-4b44-9a51-a60968488b36",
	"objects": [
		{
			"children": [],
			"components": {
				"Gameplay::Camera": {
					"clear_color": {
						"w": -431602080.0,
						"x": -431602080.0,
						"y": -431602080.0,
						"z": -431602080.0
					},
					"enabled": true,
					"far_plane": 1000.0,
					"fov_radians": 1.5707963705062866,
					"guid": "729ea26b-d252-4b44-9a51-a60968488b36",
					"near_plane": 0.10000000149011612,
					"ortho_enabled": false,
					"ortho_size": 10.0
				},
				"SimpleCameraControl": {
					"enabled": true,
					"guid": "de18b592-0115-244d-869d-84bcd12281d4",
					"mouse_sensitivity": {
						"x": 0.5,
						"y": 0.30000001192092896
					},
					"move_speed": {
						"x": 1.0,
						"y": 1.0,
						"z": 1.0
					},
					"shift_mult": 2.0
				}
			},
			"guid": "00ba4be4-b0a9-4e4c-980b-96608400b21e",
			"hide_in_inspector": false,
			"name": "Main Camera",
			"parent": "null",
			"position": {
				"x": 0.6340000033378601,
				"y": -7.196000099182129,
				"z": 10.88700008392334
			},
			"rotation": {
				"w": 0.9564822912216187,
				"x": 0.28846532106399536,
				"y": 0.012682982720434666,
				"z": 0.04205374792218208
			},
			"scale": {
				"x": 1.0,
				"y": 1.0,
				"z": 1.0
			}
		},
		{
			"children": [
				{
					"children": [],
					"components": {
						"Light": {
							"color": {
								"x": 0.3193204700946808,
								"y": 0.9293869137763977,
								"z": 0.8283748626708984
							},
							"direction": {
								"x": 0.0,
								"y": 0.0,
								"z": -1.0
							},
							"enabled": true,
							"guid": "b3ad7974-4cb3-464c-862d-8db3639507da",
							"intensity": 139.57757568359375,
							"params": {
								"x": 0.0,
								"y": 0.0,
								"z": 0.0
							},
							"range": 6.028469085693359,
							"type": "Point"
						}
					},
					"guid": "2ff21d06-375a-a34b-abe3-91cc878958bd",
					"hide_in_inspector": false,
					"name": "Light",
					"parent": "44389cba-98c1-054a-a67b-6e8f69b26b81",
					"position": {
						"x": 0.0,
						"y": 0.0,
						"z": 1.0
					},
					"rotation": {
						"w": 1.0,
						"x": 0.0,
						"y": 0.0,
						"z": 0.0
					},
					"scale": {
						"x": 1.0,
						"y": 1.0,
						"z": 1.0
					}
				}
			],
			"components": null,
			"guid": "44389cba-98c1-054a-a67b-6e8f69b26b81",
			"hide_in_inspector": false,
			"name": "Lights",
			"parent": "null",
			"position": {
				"x": 0.0,
				"y": 0.0,
				"z": 0.0
			},
			"rotation": {
				"w": 1.0,
				"x": 0.0,
				"y": 0.0,
				"z": 0.0
			},
			"scale": {
				"x": 1.0,
				"y": 1.0,
				"z": 1.0
			}
		},
		{
			"children": [],
			"components": {
				"Light": {
					"color": {
						"x": 0.3193204700946808,
						"y": 0.9293869137763977,
						"z": 0.8283748626708984
					},
					"direction": {
						"x": 0.0,
						"y": 0.0,
						"z": -1.0
					},
					"enabled": true,
					"guid": "b3ad7974-4cb3-464c-862d-8db3639507da",
					"intensity": 139.57757568359375,
					"params": {
						"x": 0.0,
						"y": 0.0,
						"z": 0.0
					},
					"range": 6.028469085693359,
					"type": "Point"
				}
			},
			"guid": "2ff21d06-375a-a34b-abe3-91cc878958bd",
			"hide_in_inspector": false,
			"name": "Light",
			"parent": "44389cba-98c1-054a-a67b-6e8f69b26b81",
			"position": {
				"x": 0.0,
				"y": 0.0,
				"z": 1.0
			},
			"rotation": {
				"w": 1.0,
				"x": 0.0,
				"y": 0.0,
				"z": 0.0
			},
			"scale": {
				"x": 1.0,
				"y": 1.0,
				"z": 1.0
			}
		},
		{
			"children": [],
			"components": {
				"Gameplay::Physics::RigidBody": {
					"angular_damping": 0.004999999888241291,
					"colliders": [
						{
							"extents": {
								"x": 50.0,
								"y": 50.0,
								"z": 1.0
							},
							"guid": "2100dc31-3603-3b43-8258-5ffd204ae520",
							"position": {
								"x": 0.0,
								"y": 0.0,
								"z": -1.0
							},
							"rotation": {
								"x": 0.0,
								"y": 0.0,
								"z": 0.0
							},
							"scale": {
								"x": 1.0,
								"y": 1.0,
								"z": 1.0
							},
							"type": "Box"
						}
					],
					"enabled": true,
					"group": 1,
					"guid": "e73b1482-8703-dd48-86d4-2949f1c11aaa",
					"linear_damping": 0.0,
					"mask": -1,
					"mass": 1.0,
					"type": "Static"
				},
				"RenderComponent": {
					"enabled": true,
					"guid": "9bcb3b5a-8f98-1a4f-a333-caef81ed7b0b",
					"material": "27e4897b-2fc1-f441-b33a-ed436f939f00",
					"mesh": "047ca1a7-7075-4444-8759-0d8856ee910c"
				}
			},
			"guid": "797d69b4-63a7-624f-be7b-d06ea210517d",
			"hide_in_inspector": false,
			"name": "Plane",
			"parent": "null",
			"position": {
				"x": 0.0,
				"y": 0.0,
				"z": 0.0
			},
			"rotation": {
				"w": 1.0,
				"x": 0.0,
				"y": 0.0,
				"z": 0.0
			},
			"scale": {
				"x": 1.0,
				"y": 1.0,
				"z": 1.0
			}
		},
		{
			"children": [],
			"components": {
				"EnemyTrigger": {
					"enabled": true,
					"guid": "adfb8cab-f8cc-5e4d-80d9-58ff6ba3b30d"
				},
				"Gameplay::Physics::TriggerVolume": {
					"colliders": [
						{
							"guid": "85195f02-4789-0d41-9ea3-9ceda4dab624",
							"position": {
								"x": 0.0,
								"y": 0.0,
								"z": 0.0
							},
							"rotation": {
								"x": 0.0,
								"y": 0.0,
								"z": 0.0
							},
							"scale": {
								"x": 1.0,
								"y": 1.0,
								"z": 1.0
							},
							"type": "ConvexMesh"
						}
					],
					"enabled": true,
					"group": 1,
					"guid": "8ad721fd-3bfe-9a4c-bf4b-0833faf4dc44",
					"mask": -1
				},
				"JumpBehaviour": {
					"enabled": true,
					"guid": "7e81138e-f5ef-f148-9ece-38f3b7e58c54",
					"impulse": 10.0
				},
				"RenderComponent": {
					"enabled": true,
					"guid": "2f542210-0b17-a241-9f4b-77a608227019",
					"material": "27e4897b-2fc1-f441-b33a-ed436f939f00",
					"mesh": "f4ec9777-49dc-3440-b6f6-9c59752d312d"
				}
			},
			"guid": "68081634-666a-7542-a71d-ef8ddae0791b",
			"hide_in_inspector": false,
			"name": "Wall 1",
			"parent": "null",
			"position": {
				"x": 3.200000047683716,
				"y": 15.0,
				"z": 1.5
			},
			"rotation": {
				"w": 0.7071067690849304,
				"x": 0.0,
				"y": 0.0,
				"z": 0.7071067690849304
			},
			"scale": {
				"x": 1.0,
				"y": 1.0,
				"z": 1.0
			}
		},
		{
			"children": [],
			"components": {
				"EnemyTriggers": {
					"enabled": true,
					"guid": "d3520d57-3a80-be49-8e84-8d85a766154b"
				},
				"Gameplay::Physics::TriggerVolume": {
					"colliders": [
						{
							"guid": "657f6934-429b-254a-ac60-5301435e815e",
							"position": {
								"x": 0.0,
								"y": 0.0,
								"z": 0.0
							},
							"rotation": {
								"x": 0.0,
								"y": 0.0,
								"z": 0.0
							},
							"scale": {
								"x": 1.0,
								"y": 1.0,
								"z": 1.0
							},
							"type": "ConvexMesh"
						}
					],
					"enabled": true,
					"group": 1,
					"guid": "693aface-fe78-7e4f-a229-23f612622143",
					"mask": -1
				},
				"JumpBehaviour": {
					"enabled": true,
					"guid": "4fee12f7-220a-5544-8668-51617ba290d7",
					"impulse": 10.0
				},
				"RenderComponent": {
					"enabled": true,
					"guid": "6d12791b-bec8-b049-b93c-a370f497c774",
					"material": "27e4897b-2fc1-f441-b33a-ed436f939f00",
					"mesh": "52280f1e-c691-974f-9c13-b1987b31ba82"
				}
			},
			"guid": "364da99f-0f7b-de41-9c08-a03a55a63aee",
			"hide_in_inspector": false,
			"name": "winng",
			"parent": "null",
			"position": {
				"x": 3.200000047683716,
				"y": 25.0,
				"z": 1.5
			},
			"rotation": {
				"w": 0.7071067690849304,
				"x": 0.0,
				"y": 0.0,
				"z": 0.7071067690849304
			},
			"scale": {
				"x": 1.0,
				"y": 1.0,
				"z": 1.0
			}
		},
		{
			"children": [],
			"components": {
				"EnemyTrigger": {
					"enabled": true,
					"guid": "af184280-e49a-4842-89d9-f0081fd870cc"
				},
				"Gameplay::Physics::RigidBody": {
					"angular_damping": 0.004999999888241291,